id,sentence_id,tag,quote,correction,start,end,annotation_source
9933,7002,"asp,morph",Стоив,Строя,0,1,manual
7468,13001,"constr,asp",имеет силь,начинает,5,7,manual
8329,14003,asp,будет рассказывать,расскажет,2,4,manual
124608,15001,asp,положит,кладет,3,4,manual
8897,23016,"constr,lex,asp",приехали в такие места,побывали в таких местах,12,16,manual
8841,23018,asp,доказывать,доказать,17,18,manual
8862,23024,"asp,tense",приходит,придёт,14,15,manual
8864,23025,asp,договариваться,договориться,8,9,manual
8917,24003,asp,перегреваться,перегреться,12,13,manual
12445,28005,asp,убили,убивали,14,15,manual
12442,28006,asp,заставил,заставлял,9,10,manual
12438,28009,asp,сохранили,сохраняли,4,5,manual
10684,32008,asp,проверила,проверяла,15,16,manual
9052,38005,"agrnum,asp",показывала,показали,6,7,manual
10735,38005,asp,рассказывали,рассказали,10,11,manual
10708,38014,asp,могут понимать,смогут понять,7,9,manual
10716,38019,asp,приукрашивали,приукрасили,6,7,manual
9130,38029,asp,буду слышать,услышу,5,7,manual
9296,39030,asp,рассматрывать,рассмотреть,3,4,manual
11479,42002,asp,нравился,понравился,3,4,manual
11530,44002,asp,дам,дан,7,8,manual
11547,44010,asp,повторить,повторять,5,6,manual
11549,44012,asp,спрашивали,спросили,3,4,manual
7586,52005,asp,слышала,услышала,9,10,manual
10160,52015,asp,уменьшать,уменьшить,3,4,manual
10161,52016,asp,привлекать,привлечь,13,14,manual
12355,53006,asp,писать,написать,9,10,manual
7637,53014,"refl,asp",учил,научился,9,10,manual
12398,53018,"deriv,asp,refl",познакомаю,знакомлюсь,1,2,manual
12215,56007,asp,ездить,съезить,13,14,manual
12301,56008,asp,раздали,раздавали,7,8,manual
11592,58005,asp,думала,подумала,2,3,manual
11806,58015,asp,поддерживать,поддержать,19,20,manual
9847,73002,asp,нравился,понравился,12,13,manual
10379,74003,asp,экономило,сэкономило,10,11,manual
10390,75002,asp,значит,означает,11,12,manual
10416,75009,asp,избегать,избежать,15,16,manual
10335,81003,asp,назвать,называть,2,3,manual
8687,276014,asp,купить,покупать,41,42,manual
8755,278011,asp,помогать,помочь,11,12,manual
9138,283005,asp,жениться,пожениться,7,8,manual
9406,284015,asp,сделать,делать,3,4,manual
9410,284020,"par,asp",выяснить,объяснять,6,7,manual
9416,284026,asp,объяснить,объяснять,19,20,manual
9417,284026,asp,определить,определять,23,24,manual
10263,287002,asp,будет стать,станет,18,20,manual
10270,287006,asp,будет сеать,будет,7,9,manual
11210,289010,asp,сделать,делать,21,22,manual
11260,289018,asp,установить,устанавливать,13,14,manual
11631,289052,"par,asp",оживлять,восстановить,6,7,manual
10870,296121,asp,нейтрализовать,нейтрализовывать,14,15,manual
10194,322001,asp,арестовали,арестовывали,5,6,manual
10196,322002,asp,стало,становилось,6,7,manual
10198,322002,"constr,asp",провели,люди проводили,14,15,manual
10220,324015,asp,оживлять,оживить,40,41,manual
10244,324024,asp,оживлять,оживить,29,30,manual
9952,327012,"asp,transfer",думай,подумай,10,11,manual
20589,353001,"lex,asp",творили,создали,21,22,manual
21572,405006,asp,познакомиться,знакомиться,6,7,manual
91078,428002,asp,понимать,понять,20,21,manual
21075,432007,asp,вызывать,вызвать,2,3,manual
24014,678003,asp,выкопать,выкапывать,6,7,manual
23960,683014,asp,понимала,поняла,2,3,manual
23862,689003,asp,поручали,поручили,15,16,manual
23903,692026,asp,Сделать,Дeлать,0,1,manual
23904,692028,asp,может,сможет,2,3,manual
23908,692030,"asp,tense",может работает,сможет работать,8,10,manual
23910,692032,"aux,asp",будут шокировать,шокируют,5,7,manual
24022,694005,asp,развлекаться,развлечься,14,15,manual
24025,694015,asp,оставить,оставлять,9,10,manual
20285,698003,"asp,lex",изменилась,изменялась,15,16,manual
20360,710019,asp,получить,получать,13,14,manual
1337,941007,"asp,lex",информировано,,25,26,manual
24284,948003,asp,видели,увидели,15,16,manual
24285,948005,asp,продолжали,продолжили,5,6,manual
24258,948007,asp,занимало,заняло,32,33,manual
24272,948012,asp,слышать,слушать,16,17,manual
1364,961008,"asp,morph",предложит,,2,3,manual
1372,961015,asp,давать,,12,13,manual
1376,961017,asp,давать,,16,17,manual
73909,965020,"tense,asp",говорит,говорить,13,14,manual
73911,965021,"tense,asp",позвонит,позвонить,11,12,manual
73915,965021,"tense,asp",слышат,услышать,13,14,manual
73916,965023,"tense,asp",удалит,удалить,2,3,manual
73481,977002,asp,ходил,ушел,10,11,manual
40109,1001008,asp,проявиться,проявляться,3,4,manual
40169,1003007,asp,продвигалась,продвинулась,10,11,manual
40217,1003013,asp,созданным, создававшимся,29,30,manual
40361,1007013,"extra,ortho,miss,aux,refl,asp",называн,назывался,1,2,manual
40384,1007017,"asp,aux",быть,стать,6,7,manual
40386,1008003,asp,участвовать,поучаствовать,18,19,manual
40406,1010008,"mode,asp,aux",будет,стало бы,13,14,manual
1497,1012013,"asp,constr",регулирует,,9,10,manual
40679,1022005,"passive,asp",не пишется,не написано,2,4,manual
41055,1025005,asp,допускайте,допустите,1,2,manual
41342,1028004,asp,чистить,очистить,13,14,manual
41349,1029004,asp,служить,послужить,2,3,manual
41385,1033001,"asp,lex",поступать,попасть,13,14,manual
41386,1033001,asp,помогала,помогла,6,7,manual
41381,1033002,asp,диктировала,продиктовала,1,2,manual
41383,1033003,asp,узнала,знала,2,3,manual
41832,1039003,"asp,mode,miss",припочитала,бы предпочла,5,6,manual
41980,1047001,asp,сдавать,сдать,10,11,manual
41981,1047001,asp,поступать,поступить,13,14,manual
30736,1054022,"ortho,miss,asp",наслаждатся,насладиться,12,13,manual
139544,1054084,asp,могли,смогли,7,8,manual
31751,1054118,asp,критиковать,раскритиковать,6,7,manual
30919,1061004,asp,переехать,переезжать,4,5,manual
42016,1063026,asp,посадить,сажать,3,4,manual
42187,1065011,asp,выбирать,выбрать,2,3,manual
42196,1068002,"aux,asp",быть,стать,11,12,manual
43192,1069007,asp,наростало,нарасло,5,6,manual
42757,1071029,asp,попытаться,пытаться,6,7,manual
42765,1073003,asp,отвлеклись,отвлекались,13,14,manual
29607,1075019,asp,поступать,поступить,22,23,manual
29369,1075035,asp,продолжать,продолжить,10,11,manual
29401,1080002,asp,перешла,пришла,3,4,manual
36165,1087005,asp,служила,послужила,7,8,manual
29805,1090007,asp,делать,сделать,7,8,manual
29819,1092006,"tense,asp",выйдут,выходят,15,16,manual
29823,1092006,asp,нанять,нанимать,34,35,manual
1568,1100005,asp,Ходя,,0,1,manual
20106,1101006,asp,начинать,начать,10,11,manual
20395,1101008,"asp,lex,transfer,subst",начила,стала,5,6,manual
44480,1101011,asp,учиться,отучиться,10,11,manual
13729,1113010,asp,слушать,послушать,3,4,manual
21907,1122015,asp,соглашаться,согласиться,6,7,manual
21915,1122021,"lex,par,asp",сказал,говорил,11,12,manual
25251,1133017,asp,решит,решить,7,8,manual
74557,1140001,"asp,infl,miss",получат,получить,10,11,manual
47278,1141050,asp,пересечь,пересекать,8,9,manual
47279,1141050,"asp,lex",оказаться,прибывать,12,13,manual
47293,1141055,asp,позволяло,позволило,11,12,manual
47294,1141056,asp,позволяло,позволило,5,6,manual
27138,1142001,"lex,asp",утверждать,подтвердить,34,35,manual
1724,1177014,asp,начинали,,4,5,manual
33208,1178002,asp,изменить,изменять,21,22,manual
35426,1185016,asp,изменялось,менялось,5,6,manual
33763,1187004,asp,говорит,поговорить,12,13,manual
33771,1187010,asp,идти,пойти,6,7,manual
33716,1188004,asp,срашаваете,спросите,2,3,manual
33717,1188005,asp,думаете,подумайте,2,3,manual
33728,1188020,asp,думаете,думайте,1,2,manual
33976,1189008,asp,научился,научится,8,9,manual
33979,1189019,asp,считает,считала,5,6,manual
42960,1198045,asp,думали,подумали,8,9,manual
42961,1198048,"asp,tense,constr",уходит,уйдет,20,21,manual
24432,1206016,"not-clear,asp",ехать,уехать,2,3,manual
24527,1209014,asp,изгоняли,изгнали,5,6,manual
24543,1209016,asp,был,стал,12,13,manual
24592,1209030,asp,понравился,нравился,1,2,manual
24859,1213004,asp,освоить,осваивать,10,11,manual
24809,1213012,asp,попытался,пытался,8,9,manual
24816,1213015,"lex,asp",ковать,проложить,5,6,manual
24863,1213015,asp,попытался,пытался,4,5,manual
24833,1213021,asp,усиливал,усилил,1,2,manual
24835,1213022,asp,помогали,помогли,3,4,manual
25019,1217062,"lex,asp",вызывал международное движение,положил начало международному движению,5,8,manual
25317,1221005,"asp,constr",поможет,помогал бы,10,11,manual
25425,1224006,"lex,asp",отделила,разделяла,6,7,manual
25577,1235015,asp,идти,сходить,17,18,manual
25578,1235015,"idiom,asp",как говорил,как говорится,24,26,manual
25580,1235017,"lex,not-clear,asp",подчеркивал,упомянул,9,10,manual
25632,1236007,asp,описали,описывали,17,18,manual
25648,1236011,asp,признали,признавали,19,20,manual
25695,1236031,asp,признали,признавали,4,5,manual
25697,1236031,"asp,ref",объяснили,объясняли эти,18,19,manual
25698,1236031,asp,сделали,делали,23,24,manual
25709,1236032,asp,упомянули,упоминали,19,20,manual
25764,1236053,"lex,asp",говорить,сказать,35,36,manual
25765,1236054,"asp,lex",говорить,сказать,5,6,manual
25604,1238009,asp,увидеть,видеть,4,5,manual
25850,1240008,"lex,asp",ходить,перейти,2,3,manual
25904,1240025,"lex,asp",поняла,оценивала,11,12,manual
25924,1240026,asp,поняли,понимали,7,8,manual
25928,1242005,asp,описал,описывал,2,3,manual
26121,1248008,"lex,constr,asp",поняли стиль,получали опыт,12,14,manual
26146,1250001,"lex,asp",нашли,открывали,7,8,manual
26338,1256013,asp,помыть,мыть,13,14,manual
26344,1256023,"asp,agrnum",просили,попросила,2,3,manual
26348,1256028,"constr,conj,asp",варить,чтобы сварить,14,15,manual
26353,1256031,asp,помыть,мыть,17,18,manual
26427,1263005,"asp,lex",просмотреть,смотреть,3,4,manual
26518,1267004,"tense,asp,lex",выучат,усваивают,12,13,manual
26528,1267007,"asp,not-clear",создать,создавать,19,20,manual
26549,1267018,asp,ходят,приходят,15,16,manual
26574,1267034,asp,делать,сделать,12,13,manual
26586,1267044,asp,можем,сможем,6,7,manual
26587,1267044,asp,видеть,увидеть,7,8,manual
26615,1267085,"asp,lex",разговаривать,поговорить,6,7,manual
26638,1267099,asp,решать,решить,16,17,manual
26678,1267113,"asp,constr",видеть,увидеть,7,8,manual
26880,1279002,asp,изменяться,измениться,18,19,manual
42977,1283002,asp,рассказывать,рассказать,5,6,manual
42992,1283015,asp,сдать,сдавать,16,17,manual
43001,1283017,"refl,asp",формировать,сформироваться,16,17,manual
42999,1283018,"lex,asp",видеть,посмотреть,2,3,manual
43021,1285005,asp,решить,решать,19,20,manual
43022,1285005,asp,изменить,изменять,22,23,manual
43153,1287001,"asp,lex,not-clear",разделить,добывать,19,20,manual
28916,1287003,asp,обсуждать,обсудить,3,4,manual
43155,1287004,asp,знать,узнать,2,3,manual
43158,1288001,"asp,constr",проучился 3 года,з года учился,50,53,manual
43037,1289016,asp,делать,сделать,3,4,manual
43052,1289031,asp,делать,сделать,7,8,manual
28973,1289033,asp,деланный,сделанный,9,10,manual
29033,1292002,"tense,asp",купит,покупаeт,5,6,manual
43124,1297004,"asp,lex",заметили,видели,4,5,manual
43138,1298002,"asp,lex,refl",набирать,набраться,14,15,manual
2134,1305001,asp,читал,,4,5,manual
34302,1312006,"lex,asp",был,побывал,2,3,manual
34358,1314022,asp,исполнить,исполнять,10,11,manual
34401,1314044,"lex,asp",смирялись,мирились,10,11,manual
32644,1316014,asp,обсуждать,обсудить,3,4,manual
32861,1316110,asp,увеличиваться,увеличиться,10,11,manual
32873,1316131,asp,переводить,перевести,19,20,manual
32665,1320007,asp,бросили,бросали,5,6,manual
32712,1320015,asp,прекращать,прекратить,7,8,manual
39573,1331003,asp,видела,увидела,10,11,manual
39592,1331009,asp,В конце фильма Брусенцов успевает,К концу фильма Брусенцев успел многое сделать,0,5,manual
39593,1331009,asp,так,были так,11,12,manual
39594,1331010,asp,убивает,убил,4,5,manual
39595,1331011,asp,заставляет,заставил,4,5,manual
39596,1331011,asp,бежит на,сбежал на,12,14,manual
39597,1331013,asp,разрешают,разрешили,2,3,manual
39598,1331013,asp,оставляет,оставил,7,8,manual
39600,1331014,"syntax,asp","уходит, конь бросается","уходил, конь бросился",2,6,manual
31853,1336005,"lex,tense,asp",сделают,действовали,19,20,manual
39610,1338006,"lex,par,asp",пережили,выживали,2,3,manual
39651,1338010,asp,умерли,умирал,11,12,manual
39633,1338017,asp,видеть,увидеть,13,14,manual
38821,1341001,asp,защитили,защищали,14,15,manual
38822,1341001,asp,помогли,помогали,26,27,manual
38856,1342010,asp,узнать,знать,7,8,manual
38877,1342010,asp,понимать,понять,1,2,manual
43536,1343067,"asp,constr",реформирования социализма,реформировать социализм,4,6,manual
30163,1347005,asp,расширился,расширялся,5,6,manual
30168,1347007,asp,выростить,расти,24,25,manual
30172,1347007,asp,создать,создавать,25,26,manual
30225,1356006,asp,появилась,являлась,7,8,manual
30228,1356007,asp,явился,являлся,39,40,manual
30231,1356008,asp,стала,стояла,10,11,manual
30272,1357012,asp,учиться,поучиться,7,8,manual
43566,1360020,asp,исполнить,исполнять,11,12,manual
43571,1360023,asp,подверглась,подвергалась,4,5,manual
43593,1360040,"asp,ortho",отстранятся,отстраниться,29,30,manual
43602,1360070,asp,достигать,достигнуть,14,15,manual
43616,1360078,"asp,lex",одолеть,покарять,11,12,manual
43648,1360093,"asp,lex",мотивировать,заставить,5,6,manual
43654,1360099,asp,воспитать,воспитывать,6,7,manual
43655,1360099,asp,помочь,помогать,9,10,manual
43804,1366004,"tense,asp",наступают,наступят,1,2,manual
43879,1366026,"asp,lex",определять,определить,2,3,manual
43936,1366040,asp,возвращаться,вернуться,9,10,manual
43959,1366045,asp,предлагали,предложили,8,9,manual
44431,1371003,asp,формировать,сформировать,9,10,manual
2286,1373013,asp,развить,,16,17,manual
2288,1373013,asp,привлечь,,26,27,manual
44592,1383004,asp,слушать,послушать,3,4,manual
44657,1389005,asp,представлять,представить,17,18,manual
2394,1390004,asp,работать,,2,3,manual
33637,1391007,asp,курить,курят,16,17,manual
33657,1391017,asp,кончается,заканчивается,6,7,manual
33666,1391034,asp,считайте,посчитайте,2,3,manual
33670,1391035,"constr,asp",4 расходится,переходит в,36,38,manual
33672,1391036,asp,прерывать,прервать,6,7,manual
33705,1393013,"asp,morph",будет столкнуться,столкнется,4,6,manual
33706,1393013,"asp,morph",понуждается,будет нуждаться,9,10,manual
33792,1398017,asp,одолеть,преодолеть,31,32,manual
36017,1402016,asp,видеть,увидеть,8,9,manual
33812,1405007,asp,характеризован,характеризуется,9,10,manual
33828,1405017,asp,пропустите,упустите,1,2,manual
35871,1407003,asp,платить,оплатить,12,13,manual
35876,1408001,"asp,agrnum",отразят,отражает,23,24,manual
35887,1408006,"asp,tense",стало,становится,14,15,manual
34630,1411014,asp,помогало,помогло,26,27,manual
34636,1411017,asp,определять,определить,5,6,manual
34637,1411017,asp,предсказывать,предсказать,7,8,manual
34017,1418003,asp,отрезать,резать,6,7,manual
35416,1439010,asp,смотреть,посмотреть,7,8,manual
35428,1443007,asp,понадобиться,понадобится,85,86,manual
35086,1447013,asp,спросить,спрашивать,6,7,manual
44703,1448007,asp,обращалась,стала обращаться,28,29,manual
44713,1449011,asp,продолжал,продолжил,32,33,manual
44976,1451003,asp,распространять,распространить,14,15,manual
45071,1455003,asp,увидели,уже видели,1,2,manual
46039,1462003,asp,тратили,потратили,12,13,manual
46040,1462004,"agrgender,asp",слушал,услышала,5,6,manual
46066,1465006,asp,заинтересовался,интересовался,17,18,manual
47336,1466001,asp,отступать,отступить,16,17,manual
47422,1466001,"asp,not-clear",находить,найти,20,21,manual
47432,1466010,asp,решить,решать,17,18,manual
47522,1468004,"mode,asp",бывает,может быть,9,10,manual
47725,1471011,asp,извлекав,извлекши,10,11,manual
47729,1471012,"lex,asp",резания,разрезания,13,14,manual
47736,1471018,"tense,asp",убирая,убрав,23,24,manual
47744,1471027,asp,ускорять,ускорить,34,35,manual
49743,1474005,"lex,asp",видеть,посмотреть,9,10,manual
49744,1474005,asp,трогать,потрогать,13,14,manual
49747,1474008,asp,платить,заплатить,3,4,manual
49749,1474008,asp,отвечать,ответить,13,14,manual
49757,1474009,"tense,asp",даёт,даст,9,10,manual
49860,1475004,asp,изменились,менялись,14,15,manual
49966,1477019,asp,выражать,выразить,7,8,manual
50137,1486011,"asp,tense",находиться,найдется,8,9,manual
2508,1500003,asp,вооружиться,,13,14,manual
96395,1533020,asp,просмотрела,посмотрела,1,2,manual
96397,1533023,asp,просмотреть,посмотреть,4,5,manual
61296,1566010,asp,прожила,жила,4,5,manual
60651,1577007,"lex,asp",показано,выражается,5,6,manual
60652,1577010,asp,слышала,услышала,3,4,manual
60655,1577011,asp,переучивать,переучиться,14,15,manual
60705,1577015,"lex,asp",обьяснить,рассказывать,5,6,manual
60661,1577016,"asp,constr,miss",слышать,услышать то,1,2,manual
60666,1577020,"asp,transp",почувсвтвую,чувствую,10,11,manual
60667,1577020,asp,сделать,делать,14,15,manual
57271,5665005,asp,поняла,понимала,14,15,manual
103106,5665014,asp,попадём,попадаем,9,10,manual
114779,5667003,asp,Думайте,Подумайте,0,1,manual
79845,5667014,asp,становиться,стать,5,6,manual
123564,5670022,"asp,lex",знаем,"узнаем,",5,6,manual
128710,5672009,asp,решать,решить,12,13,manual
127746,5722004,asp,вернуться,возвращаться,15,16,manual
127798,5722037,"asp,transfer",меняются,изменятся,22,23,manual
128209,5723026,asp,давать,дать,10,11,manual
121182,5728009,asp,выйти,выходить,17,18,manual
130937,5733011,asp,разрывать,разорвать,17,18,manual
122713,5735002,asp,сделать,делать,2,3,manual
37415,5740002,asp,думать,думаю,2,3,manual
37430,5740010,"asp,constr",ездила,приезжала в,5,6,manual
37447,5740021,asp,предложила,предлагала,9,10,manual
37452,5741003,asp,мир,мире,2,3,manual
37499,5743002,asp,соглашалась,согласна,1,2,manual
37513,5743011,"asp,agrcase",поможет   кожи.,помогают коже.,10,13,manual
37542,5745003,asp,поедут,приезжают,11,12,manual
37569,5746007,asp,будим   стать,станем,6,8,manual
37577,5746011,asp,решен,решает,5,6,manual
37651,5748003,asp,привело,приводил,4,5,manual
37771,5749010,asp,закончили,заканчивали,6,7,manual
37798,5750009,asp,"будем   ждать,",ждём,2,5,manual
37741,5751007,asp,сделали,они делают это,8,9,manual
37838,5752011,asp,думаю,"думал, что",3,4,manual
37638,5754019,asp,страдали,страдали бы,20,21,manual
123486,5756021,asp,приводить,привести,4,5,manual
121223,5758003,asp,соглашался,согласился,9,10,manual
121235,5758010,asp,стать,становиться,13,14,manual
118814,5760012,asp,применить,применять,6,7,manual
29922,5799003,"syntax,asp",шла,ходила,1,2,manual
31142,5802004,"syntax,asp",посетела,посещала,1,2,manual
93744,5807002,"syntax,asp",говорить,рассказать,3,4,manual
30513,5810004,"syntax,asp",идти,ходить,23,24,manual
93749,5810004,"syntax,asp",сказать,говорить,12,13,manual
71645,5811008,"syntax,asp",обедать,пообедать,9,10,manual
31637,5820010,"syntax,asp",получил,получал,2,3,manual
33290,5854006,"agrnum,agrpers,asp",идут,выйти,11,12,manual
33034,5873002,asp,сделали,делали,2,3,manual
33040,5873008,asp,ездить,съездить,14,15,manual
33098,5873047,asp,бросал,бросил,1,2,manual
78212,5886005,"syntax,asp",хожу,иду,1,2,manual
57138,5894002,"syntax,asp",скручу,кручу,5,6,manual
57139,5894003,"syntax,asp",скручу,кручу,3,4,manual
117098,5898003,"syntax,asp",позавтракаю,завтракаю,1,2,manual
117168,5911003,"syntax,asp",покупать,купить,12,13,manual
78217,5915007,"syntax,asp",поднимусь,поднимаюсь,11,12,manual
83197,5930002,"syntax,asp",паступать,поступить,2,3,manual
57174,5935001,"syntax,asp",ехать,ездить,3,4,manual
93887,5945008,"syntax,asp",перекроить,перекраивает,2,3,manual
82726,5947003,"syntax,asp",создать,создавать,4,5,manual
82349,5951002,"syntax,asp",видеть,увидеть,2,3,manual
118326,5951004,"syntax,asp",написал,писал,2,3,manual
57211,5951015,"syntax,asp",понимать,понять,6,7,manual
44845,5953002,"syntax,asp",остановилось,останавливалось,3,4,manual
44926,5956005,"syntax,asp",найти,находить,8,9,manual
45219,6281008,"syntax,asp",успею,успеваю,17,18,manual
93988,6281008,"syntax,asp",возвращаться,вернуться,18,19,manual
82271,6294010,"syntax,asp",привыкать,привыкнуть,5,6,manual
39814,6301016,"aux,subst,asp",был,стал,5,6,manual
39816,6301020,"asp,constr,aux","С   августа 1968   г.   Горбачёв   был   вторым,   а   с   апреля 1970   г.","В августе 1968 г. Горбачёв стал вторым, а в апреле 1970 г.",0,15,manual
39999,6301036,asp,осознал,осознавал,2,3,manual
39823,6301047,"asp,lex",Услышав,Узнавая,0,1,manual
39851,6301109,"constr,asp",могла   продолжаться,продолжилась,14,16,manual
48623,6371010,"syntax,asp",идти,ходить,3,4,manual
118609,6373007,"syntax,asp",езжу,еду,2,3,manual
118616,6374007,"syntax,asp",ехать,ездить,11,12,manual
48964,6375007,"syntax,asp",иду,хожу,4,5,manual
118726,6379017,"syntax,asp",ехать,поехать,11,12,manual
49188,6382013,"syntax,asp",готовить,приготовить,5,6,manual
119020,6398008,asp,могу,смогу,4,5,manual
119334,6400006,asp,могу,смогу,4,5,manual
127614,6401004,asp,езжу,съезжу,1,2,manual
127597,6401005,asp,побывать,побыть,4,5,manual
127609,6401009,asp,будет   отвездить,отвезёт,5,7,manual
105516,6409006,asp,открывала,открыла,2,3,manual
53169,6410014,asp,выразить,выражать,14,15,manual
53183,6411009,asp,закончится,заканчивается,1,2,manual
53186,6411012,asp,увидет,видит,7,8,manual
53187,6411014,asp,засмеются,смеются,1,2,manual
53188,6411016,asp,звонили,позвонили,7,8,manual
124828,6414005,asp,поливать,полить,3,4,manual
124849,6414016,asp,шла,пошла,3,4,manual
124850,6414017,asp,засыпала,заснула,1,2,manual
63627,6417007,asp,завтракала,позавтракала,12,13,manual
63630,6417009,asp,отказываться,отказаться,18,19,manual
116208,6419005,asp,прожить,жить,7,8,manual
118677,6419037,asp,устроят,устраивают,13,14,manual
124967,6419043,asp,смог.,мог.,14,16,manual
118718,6419047,asp,приедете,приезжайте,8,9,manual
118719,6419048,asp,умираете,умирайте,2,3,manual
121049,6425001,asp,нравиться,понравиться,32,33,manual
128781,6425004,asp,добавит,добавляет,18,19,manual
128783,6425007,asp,ужинать,поужинать,19,20,manual
124116,6429004,asp,отправляют,отправят,11,12,manual
124078,6429005,asp,начинается,начнется,11,12,manual
124110,6429023,asp,спасаться,спастись,11,12,manual
124111,6429023,asp,могли,смогли,10,11,manual
94077,6517006,"syntax,asp",ездили,поехали,8,9,manual
82018,6517008,"syntax,asp",ездили,поехали,9,10,manual
63460,6552002,asp,менять,поменять,5,6,manual
63515,6557012,asp,вернется,возвращается,1,2,manual
82002,6575001,"syntax,asp",пойду,иду,3,4,manual
81985,6580002,"syntax,asp",принимала,приняла,2,3,manual
81987,6580003,"syntax,asp",завтракала,позавтракала,1,2,manual
81990,6580005,"syntax,asp",ила,пошла,1,2,manual
81992,6580007,"syntax,asp",ила,пошла,2,3,manual
81994,6580007,"syntax,asp",ходила,пришла,6,7,manual
81996,6580008,"syntax,asp",смотрила,посмотрела,1,2,manual
94108,6581001,"syntax,asp",бстабала,встала,3,4,manual
81971,6581002,"syntax,asp",пила,выпила,1,2,manual
81974,6581002,"syntax,asp",чистила,почистила,7,8,manual
62742,6620024,"syntax,asp",можем,сможем,7,8,manual
118899,6621013,"syntax,asp",заплатить,платить,11,12,manual
118901,6621016,"syntax,asp",могу,смогу,2,3,manual
103117,6820004,asp,решить,решать,20,21,manual
57929,6825013,asp,выходил,вышел,26,27,manual
56235,6827001,asp,уходил,ушел,11,12,manual
105618,6832001,"asp,lex",выучить,учить,4,5,manual
63952,6833006,"asp,tense",делюсь,поделился,14,15,manual
56455,6867025,asp,явилась,являлась,7,8,manual
64499,6869019,asp,сломать,ломать,6,7,manual
103133,6872004,asp,заметите,замечаете,7,8,manual
56817,6872006,asp,вернётся,возвращается,4,5,manual
56818,6872008,asp,вернётся,возвращается,4,5,manual
103902,7028005,"tense,asp",говорит,скажет,2,3,manual
103903,7028005,"tense,asp",огорчается,огорчится,17,18,manual
65268,7036012,"morph,asp",увиденным,которых видели,7,8,manual
123102,7038007,asp,помочь,помогать,10,11,manual
122225,7041005,asp,произведем,производим,1,2,manual
124755,7042011,asp,говорится,сказано,9,10,manual
121902,7073001,asp,приняла,принимала,9,10,manual
127574,7079004,asp,делать,сделать,2,3,manual
127592,7079005,asp,делать,сделать,39,40,manual
127578,7079009,asp,помнит,напоминает,8,9,manual
127504,7082009,asp,обежать,обидеть,10,11,manual
121774,7083003,asp,нравится,понравится,34,35,manual
121793,7083003,asp,дать,отдаст,45,46,manual
124359,7087001,asp,сделать,делать,10,11,manual
124370,7087003,asp,взять,брать,18,19,manual
124366,7087008,asp,давать,дать,12,13,manual
127568,7088005,asp,переехать,переезжать,10,11,manual
121688,7090002,asp,вспоминать,вспомнить,8,9,manual
121707,7090005,"tense,asp",позволит,позволяет,11,12,manual
65570,7092003,asp,ценит,оценивает,6,7,manual
65575,7092013,asp,оставили,оставляли,16,17,manual
65577,7092014,asp,похвалили,хвалили,9,10,manual
65578,7092017,asp,увидят,видят,2,3,manual
121794,7116001,asp,выбрать,выбирать,7,8,manual
121796,7116004,asp,обязать,обязывать,4,5,manual
122218,7118005,"refl,asp,transfer",меняло,изменилось,4,5,manual
126362,7119007,asp,почувствовать,чувствовать,10,11,manual
123367,7120005,asp,получить,получать,9,10,manual
123372,7120009,asp,сделать,делать,8,9,manual
126318,7122010,asp,найдем,находим,3,4,manual
123077,7124004,asp,ждать,подождать,7,8,manual
122995,7125006,asp,стареют,состарятся,19,20,manual
117562,7127005,asp,ослабевало,ослабело,12,13,manual
117549,7127011,asp,сделают,делают,6,7,manual
122326,7128003,asp,недооценят,недооценивают,7,8,manual
124784,7426011,asp,могу,смогу,5,6,manual
124806,7426012,asp,пробовать,попробовать,7,8,manual
124787,7426013,asp,буду   принимать,приму,4,6,manual
76216,7872004,asp,сxодить,ходить,7,8,manual
76217,7872006,asp,проводить,провести,6,7,manual
76218,7872006,asp,думать,подумать,15,16,manual
76221,7872008,asp,поедем,едем,15,16,manual
76222,7872008,asp,подышим,дышим,19,20,manual
76231,7873006,asp,вышли,выходили,5,6,manual
76234,7873006,asp,соскучились,скучали,23,24,manual
76348,8287003,"asp,tense",остается,останется,4,5,manual
77497,8306001,"asp,ortho,miss",распределят,распределить,16,17,manual
77499,8306004,asp,остановиться,останавливаться,6,7,manual
78119,8559013,asp,получить,получать,14,15,manual
78123,8559016,"tense,asp",сбывается,сбудется,4,5,manual
78146,8562002,asp,начинал,начал,4,5,manual
78154,8564006,asp,начинаю   узнавать,узнаю,28,30,manual
78567,8595004,"agrgender,asp",интересовала,заинтересовало,2,3,manual
78578,8595011,asp,пополнить,пополнять,1,2,manual
78965,8620002,"asp,tense",осуществляем,осуществим,21,22,manual
78967,8620004,"asp,lex",работаем,начнем работать,10,11,manual
78970,8620008,"asp,tense",осуществляем,осуществим,9,10,manual
78972,8620009,asp,планировала,запланировала,3,4,manual
78976,8620014,asp,защищать,защитить,3,4,manual
78977,8620016,asp,планировала,запланировала,6,7,manual
79346,8629015,asp,совершать,совершить,3,4,manual
87603,8642008,asp,делаю,сделаю,9,10,manual
87605,8642009,asp,раздала,раздавала,6,7,manual
87621,8643014,"asp,morph",полениться,ленятся,9,10,manual
87707,8646010,asp,увидеть,видеть,3,4,manual
87714,8646019,"asp,disc,constr",полюбоваться,должно давать возможность любоваться,16,17,manual
87866,8648010,"asp,constr",посоветуюсь,обсуждаю,4,5,manual
87875,8648016,"asp,ortho,extra",поссориться,ссорятся,5,6,manual
87876,8648016,asp,возьму,беру,14,15,manual
87878,8648017,asp,сделать,делать,11,12,manual
87915,8650004,asp,поздоровалась,здоровалась,5,6,manual
87935,8650009,asp,забудут,забывают,11,12,manual
87936,8650010,asp,забудут,забывают,7,8,manual
88017,8655012,asp,писать,написать,1,2,manual
89290,8678005,asp,сконцентрироваться,концентрироваться,17,18,manual
94295,8696016,asp,понял,понимал,11,12,manual
94399,8703007,asp,Набирая,Набрав,0,1,manual
102701,8716015,"asp,constr",начал   Андрея   приветствовать.,поприветствовал Андрея,2,6,manual
102886,8717008,asp,интересовалась,заинтересовалась,3,4,manual
102716,8718007,asp,встретил,встречал,4,5,manual
102740,8720003,asp,видит,увидел,13,14,manual
102742,8720003,asp,здоровается,поздоровался,19,20,manual
102745,8720005,"lex,asp,tense",рекомендует,представил,1,2,manual
102749,8720008,"lex,asp",идут,сходить,8,9,manual
102751,8720008,"tense,agrcase,asp",продолжать,продолжил,21,22,manual
102753,8720010,"lex,asp",уносил,увёл,8,9,manual
102756,8720010,"asp,lex",уносила,увела,22,23,manual
102760,8721009,"ortho,asp,lex",разговоривать,разговаривать/ поговорить,5,6,manual
102777,8722001,asp,шли,пошли,5,6,manual
102780,8722007,asp,знакомил,познакомил,1,2,manual
102781,8722007,"deriv,asp",заговаривали,заговорили,8,9,manual
102783,8722009,asp,приглашал,пригласил,4,5,manual
102785,8722009,asp,приглашал,пригласил,10,11,manual
102788,8722012,asp,жалели,пожалели,8,9,manual
102789,8722013,asp,ужинали,поужинали,2,3,manual
102800,8724006,asp,смог,мог,3,4,manual
102805,8724010,"asp,agrnum",видели,увидел,2,3,manual
102806,8724013,asp,обращался,обратился,1,2,manual
102819,8724021,"refl,lex,asp",горевался.,горевал/ опечалился,2,4,manual
102830,8725003,"lex,asp",здоровался,поздоровался,5,6,manual
102833,8725005,asp,ладил,поладил,3,4,manual
102840,8725013,asp,вести,отвести,8,9,manual
102842,8725017,"asp,tense",пойдёт,ходил,5,6,manual
102843,8725017,asp,ехать,уехать,14,15,manual
102851,8726007,"asp,lex",сказал,рассказал,1,2,manual
102853,8726007,asp,советовал,посоветовал,5,6,manual
102854,8726007,asp,думал,подумал,10,11,manual
102860,8726010,asp,хотела,захотела,1,2,manual
102931,8728019,asp,говорил,сказал,1,2,manual
102963,8730015,asp,расставалась,рассталась,6,7,manual
102965,8730018,"asp,agrnum",женился,поженились,6,7,manual
103012,8733021,"asp,agrgender",вызывал,вызвало,2,3,manual
103015,8733023,"asp,tense",был   понятным,понял,1,3,manual
103018,8734006,asp,переводился,перевёлся,4,5,manual
103032,8735009,asp,выходили,вышли,14,15,manual
103049,8738003,asp,знакомились,познакомились,4,5,manual
103056,8739003,asp,приходил,пришёл,3,4,manual
103077,8740019,asp,подарил,дарил,4,5,manual
103094,8744004,asp,помогать,помочь,1,2,manual
93252,8761004,"syntax,asp",видел,увидел,3,4,manual
73418,8761009,"syntax,asp",понимал,понял:,3,4,manual
73419,8761010,"syntax,asp",понимал,понял:,2,3,manual
73443,8772001,"syntax,asp",летать,полетать,2,3,manual
93315,8772009,"syntax,asp",крикнут,"кричат,",3,4,manual
125189,8849015,asp,получить,получать,2,3,manual
125327,8852008,asp,говорим,говорить,2,3,manual
125331,8852010,asp,уничтожить,уничтожать,10,11,manual
129178,8855003,asp,будет,быть,4,5,manual
127024,8858007,asp,принимаем,примем,5,6,manual
127035,8858013,asp,улучшать,улучшить,16,17,manual
128924,8861020,asp,надо,нужно,9,10,manual
124033,8866008,asp,ехать,уезжать,15,16,manual
127012,8871019,"asp,punct",подчеркивать,"подчеркнуть,",2,3,manual
93382,8882004,"syntax,asp",получили,получали,2,3,manual
93399,8896005,"syntax,asp",летить,летать,11,12,manual
80028,8905003,"syntax,asp",ездил,поехал,11,12,manual
81931,8905003,"syntax,asp",ехать,поехать,2,3,manual
80029,8905004,"syntax,asp",видить,увидеть,8,9,manual
81936,8906002,"syntax,asp",ездил,уехал,11,12,manual
81938,8906003,"syntax,asp",еду,поеду,20,21,manual
81939,8906003,"syntax,asp",могу,смогу,28,29,manual
93412,8906005,"syntax,asp",стало,было,11,12,manual
80025,8906012,"syntax,asp",ездить,поехать,3,4,manual
81951,8906015,"syntax,asp",учиться,научиться,12,13,manual
83392,8957007,"syntax,asp",съесть,есть,27,28,manual
130608,8957007,"syntax,asp",идти,ходить,14,15,manual
83393,8957008,"syntax,asp",проводить,провести,4,5,manual
83394,8957008,"syntax,asp",посещать,посетить,14,15,manual
83397,8957010,"syntax,asp",посещать,посетить,3,4,manual
83402,8957014,"syntax,asp",посещать,посетить,9,10,manual
83416,8957019,"syntax,asp",летела,полетела,22,23,manual
83418,8957019,"syntax,asp",хочу,захочу,9,10,manual
83419,8957022,"syntax,asp",хотела,захотела,6,7,manual
97275,8961011,asp,заявлять,заявить,3,4,manual
97397,8973010,asp,говорить,сказать,5,6,manual
97402,8973012,asp,сохранять,сохранить,15,16,manual
97429,8974020,asp,родили,рожали,5,6,manual
129727,9024003,asp,купим,покупаем,1,2,manual
129749,9024011,asp,сварю,варю,12,13,manual
129752,9024013,asp,выложу,выкладываю,2,3,manual
129754,9024013,asp,распределю,распределяю,8,9,manual
127524,9094007,asp,сказали,говорят,31,32,manual
84001,9096004,"syntax,asp",встретите,встречаете,15,16,manual
82659,9097001,asp,поступала,поступила,105,106,manual
82967,9098015,asp,поступать,поступить,31,32,manual
82998,9098017,asp,выграла,выигрывала,65,66,manual
83027,9098018,asp,было,стал,9,10,manual
114488,9106005,asp,включила,включала,1,2,manual
97498,9106007,"asp,agrgender",связывало,связала,8,9,manual
83935,9122007,"syntax,asp",плавает,плывет,6,7,manual
83959,9123009,"syntax,asp",поели,ели,24,25,manual
83980,9123020,"syntax,asp",нравица,понравилось,1,2,manual
93510,9123022,"syntax,asp",вернусь,буду возвращаться,3,4,manual
84011,9124019,"syntax,asp",пьешь,выпьешь,10,11,manual
83866,9127012,"syntax,asp",заплатить,платить,2,3,manual
93560,9130004,"syntax,asp",жить,пожить,9,10,manual
93573,9131005,"syntax,asp",бороться,потрудиться,6,7,manual
97576,9137002,asp,изучать,изучить,25,26,manual
83832,9143002,"syntax,asp",приносить,принести,9,10,manual
83847,9143008,"syntax,asp",помнить,вспомнить,9,10,manual
83852,9143012,"syntax,asp",садился,сел,1,2,manual
93612,9144013,"syntax,asp",говорить,сказать,2,3,manual
84690,9144017,"syntax,asp",проводил,провел,29,30,manual
84695,9145002,"syntax,asp",выучить,учить,8,9,manual
84697,9145003,"syntax,asp",выучить,учить,11,12,manual
84721,9145011,"syntax,asp",захотел,хотел,2,3,manual
84723,9145011,"syntax,asp",чувствовал,почувствовал,6,7,manual
84746,9145029,"syntax,asp",возвращались,вернулись,28,29,manual
84754,9145031,"syntax,asp",возвращаться,вернуться,14,15,manual
84761,9145034,"syntax,asp",заплатить,платить,19,20,manual
85574,9148008,asp,понимал,,13,14,manual
85576,9148010,asp,произойдет,происходит,9,10,manual
89399,9159002,asp,пройдет?,проходит,2,4,manual
89401,9159004,asp,покупал,купил,8,9,manual
89410,9159005,asp,будет   нравится,понравится,9,11,manual
89428,9159007,asp,погуляем,будем гулять,4,5,manual
89417,9159010,asp,убивал,убил,4,5,manual
89424,9159013,asp,Погулять,Гулять,0,1,manual
89620,9164010,"asp,lex",ходил,вышел,1,2,manual
89968,9170009,"lex,asp,refl",много   учить,многому научиться,7,9,manual
90101,9175001,"syntax,asp",улетала,летала,7,8,manual
90447,9176006,asp,смотреть,посмотреть,18,19,manual
90541,9177001,asp,идти,пойти,1,2,manual
90522,9182006,asp,смотреть,осмотреть,16,17,manual
90523,9182006,"lex,asp",хожу,погуляю,9,10,manual
90514,9183023,asp,ехать,поехать,2,3,manual
90507,9183026,asp,смотреть,посмотреть,9,10,manual
90114,9188018,asp,поддержала,поддерживала,11,12,manual
90130,9189008,"asp,constr",держать   слёзы,сдержать слез,10,12,manual
90131,9189008,asp,ободрял,ободрил,18,19,manual
90141,9189013,"asp,constr",держать   слёзы.,сдержать слез,11,14,manual
90144,9189015,asp,обессилела,была обессилена,8,9,manual
90151,9189015,"lex,asp",приносила   веселье   тем,развеселила/ принесла радость тем,20,23,manual
89978,9190011,asp,помогать,помочь,13,14,manual
89996,9191003,asp,тянуть,растянуть,12,13,manual
89999,9191004,asp,может,сможет,11,12,manual
90001,9191007,asp,поплыл,подплыл,3,4,manual
90002,9191008,asp,могла,смогла,11,12,manual
90015,9192006,asp,оттягиваться,оттянуться,5,6,manual
90041,9194001,asp,подтягиваться,подтянуться,4,5,manual
90045,9194007,asp,протягивается,протянулась,1,2,manual
90052,9194018,asp,протягивать,протянуть,7,8,manual
90053,9194019,asp,вытягивать,вытянуть,3,4,manual
89759,9195019,asp,показать,показывать,8,9,manual
89773,9196027,asp,вызывать,вызвать,2,3,manual
89782,9196039,asp,сидеть,сесть,2,3,manual
89819,9200004,asp,Уступайте,уступите,23,24,manual
89824,9200017,"asp,lex",выдерживай,потерпи,3,4,manual
89812,9201016,asp,сунуть,совать,14,15,manual
90554,9205005,asp,возникнет,возникает,6,7,manual
90588,9207008,"asp,tense",подошла,подходит,11,12,manual
90590,9208014,asp,пожертвуют,жертвуют,21,22,manual
89878,9211005,"lex,idiom,asp",доверяла,поверила,5,6,manual
89906,9212011,asp,"прочитала,",читала,4,6,manual
90172,9218014,"lex,asp",начинать,создать,5,6,manual
90191,9219013,asp,создать,создавать,11,12,manual
89926,9227036,asp,помогать,помочь,2,3,manual
89928,9227040,asp,говорить,поговорить,5,6,manual
90596,9228006,asp,открывается,открылся,4,5,manual
90664,9229020,"misspell,asp",потерживует,жертвует,13,14,manual
90694,9230039,asp,осталась,оставалась,7,8,manual
91326,9232013,asp,надевал,надел,33,34,manual
91588,9242028,asp,получить,получать,9,10,manual
91793,9245009,"tense,asp",очень   интересно   слушать,было очень интересно услышать,3,6,manual
91798,9245014,"tense,asp",вижу,увидела,9,10,manual
91804,9245016,asp,угадать,угадывать,5,6,manual
91805,9245019,asp,пугалась,испугалась,1,2,manual
91559,9249007,asp,подарить,дарить,10,11,manual
91566,9249013,asp,подарить,дарить,3,4,manual
91676,9251003,asp,употреблять,употребить,11,12,manual
91951,9253007,asp,разрушит,разрушает,33,34,manual
91972,9253035,asp,будет   знать,узнает,1,3,manual
91974,9253037,asp,уезжает,уедет,13,14,manual
91743,9254026,asp,избежать,избегать,22,23,manual
91763,9256014,asp,сосредоточимся,сосредотачиваемся,7,8,manual
91767,9256016,asp,решим,решаем,10,11,manual
91777,9256027,asp,может,сможет,12,13,manual
91781,9256032,asp,начинала,начала,5,6,manual
91370,9261014,asp,могла,смогла,16,17,manual
91442,9262002,asp,писать,написать,9,10,manual
91449,9262007,"lex,asp,agrstr",истолковать,интерпретировать этот рассказ,8,9,manual
91452,9262011,"lex,asp",станет,начинает,11,12,manual
91501,9266002,asp,будем   видеть,увидим,4,6,manual
91504,9266009,asp,обращать,обратить,12,13,manual
91517,9266024,asp,отдыхать,отдохнуть,9,10,manual
93722,9269023,"syntax,asp",узнать,узнавать,3,4,manual
97822,9272009,asp,радовать,порадовать,8,9,manual
97847,9272019,"ortho,miss,asp",видет,увидеть,14,15,manual
98154,9290004,asp,написали,писали,2,3,manual
98208,9299004,"asp,lex",хотели,решили,6,7,manual
98350,9312004,asp,отпустить,отпускать,17,18,manual
98533,9324003,asp,выразить,выражать,8,9,manual
98603,9328009,asp,смогут,могут,3,4,manual
98856,9342006,"asp,tense",представлю,представляю,4,5,manual
98857,9342006,asp,Выполнять,выполнить,13,14,manual
98858,9342006,asp,брать,взять,21,22,manual
98860,9342006,asp,показывать,показать,30,31,manual
98911,9346003,"miss,asp",проводить,мечтала провести,14,15,manual
103138,9348002,"wo,asp,neg","не   езжу   на   метро,   а   на   такси.","поехала на такси, а не на метро",15,24,manual
101220,9349003,asp,принимать,принять,17,18,manual
103909,9350008,asp,привлекут,привлекают,12,13,manual
103925,9356007,"lex,asp",делать,открыть,2,3,manual
103936,9357001,"asp,lex",смотреть,осмотреть,26,27,manual
103938,9357002,asp,ехать,доехать,2,3,manual
103941,9357003,asp,идем,пойдём,40,41,manual
103943,9357004,asp,гуляем,погуляем,2,3,manual
98921,9373005,asp,ложила,клала,10,11,manual
102340,9379002,"syntax,asp",чтобы   рекомендовать,чтобы порекомендовать,6,8,manual
124175,9386020,asp,увидела,видела,5,6,manual
130864,9389017,asp,выбрать,выбирать,6,7,manual
127970,9393010,asp,организовать,организовывать,7,8,manual
127986,9393015,asp,сделать,делать,10,11,manual
99074,9401016,asp,отправлять,отправить,5,6,manual
99359,9413006,asp,меняется,изменился,3,4,manual
104138,9418009,asp,сделать,делать,3,4,manual
104139,9418010,asp,сделать,делать,5,6,manual
104142,9419015,asp,устранить,устранять,11,12,manual
104216,9425007,"asp,tense",получат,получают,8,9,manual
104219,9425009,asp,получить,получать,2,3,manual
104221,9425009,"asp,tense",получит,получает,10,11,manual
104223,9425012,"asp,tense",получат,получают,3,4,manual
104229,9425013,"tense,asp",принёс,приносит,1,2,manual
104236,9425017,asp,получить,получать,8,9,manual
104240,9425020,asp,получить,получать,2,3,manual
104282,9428003,"agrpers,ref,asp",закончил,заканчиваются,16,17,manual
104311,9428013,asp,решить,решать,22,23,manual
104336,9429013,asp,заказала,заказывала,2,3,manual
104337,9429013,asp,устала,уставала,6,7,manual
104340,9429013,"tense,asp",рассказываю,расскажу,20,21,manual
99569,9469004,asp,приехали,приезжаем,2,3,manual
99570,9469004,asp,обрадовалась,радуется,9,10,manual
99568,9469005,asp,оделся,одевался,13,14,manual
99587,9470009,asp,дать,давать,5,6,manual
99586,9470010,asp,спросила,спрашивала,3,4,manual
124259,9471008,asp,поискали,искали,4,5,manual
118685,9477004,asp,идти,ходить,18,19,manual
118689,9477005,asp,нравиться,нравится,10,11,manual
118694,9477006,asp,сделать,поделать,2,3,manual
118695,9477006,asp,сделать,делать,12,13,manual
118698,9477008,asp,пошли,ходили,13,14,manual
118700,9477009,asp,пошли,ходили,5,6,manual
118701,9477010,asp,пошли,ходили,3,4,manual
103963,9481005,asp,учить,научить,12,13,manual
104011,9482022,asp,могут,смогут,4,5,manual
128126,9500002,asp,"понимать,","понять,",4,6,manual
99597,9506011,asp,досмотрел,смотрел,1,2,manual
99598,9506012,asp,обрадовался,радовался,10,11,manual
99618,9508001,asp,сказать,говорить,1,2,manual
99620,9508004,"asp,agrgender",нравилось,понравился,2,3,manual
99677,9509016,asp,найдешь,находишь,6,7,manual
106025,9546007,"asp,lex",смотрел,посетил,5,6,manual
105406,9548004,"syntax,asp",получать,получить,3,4,manual
116066,9548010,"syntax,asp",открывается,откроется,4,5,manual
122286,9552012,"asp,lex",пойти,гулять,5,6,manual
118508,9602007,asp,идти,ходить,7,8,manual
127142,9603010,asp,поеду,еду,2,3,manual
127146,9603015,asp,поездили,ездили,12,13,manual
127147,9603016,asp,приготовили,готовили,1,2,manual
127167,9641008,asp,родиться,рождаться,17,18,manual
127194,9642021,"ortho,subst,asp",тоЛЬтеть,потолстеть,9,10,manual
125136,9644007,asp,делать,сделать,10,11,manual
125124,9644009,asp,зашищать,защитить,15,16,manual
127245,9649016,"asp,tense",помогает,поможет,9,10,manual
127909,9657007,asp,иду,хожу,4,5,manual
127914,9660003,asp,повторил,повторял,11,12,manual
130825,9670016,asp,поняла,понимала,13,14,manual
104363,9691003,"asp,lex",желаю,желал/ хотел,15,16,manual
104371,9692003,asp,принимать,принять,9,10,manual
104377,9693005,asp,можем,сможем,8,9,manual
119465,9701001,asp,видел,увидел,30,31,manual
119466,9701001,asp,нравились,понравились,34,35,manual
124250,9701002,"syntax,aux,infl,deriv,asp,transp",поидете   може,можете пойти,6,8,manual
96941,9709006,"syntax,asp",понравилась,нравилось,1,2,manual
96944,9709006,"syntax,asp",понравилась,нравился,6,7,manual
96910,9709007,"syntax,asp",дал,давал,6,7,manual
96949,9709007,asp,понравилась,нравилось,16,17,manual
104415,9722002,"asp,lex",поссорились,ссорились/ спорили,1,2,manual
104417,9723002,"asp,lex",потребуется,потребует/ займёт,2,3,manual
104439,9727007,asp,подарю/  получу,дарю/ получаю,11,14,manual
104451,9728006,asp,взять,брать,23,24,manual
104458,9735001,asp,получить,получать,5,6,manual
130323,9736004,asp,спал,поспал,1,2,manual
119694,9747007,asp,сделаю,делаю,38,39,manual
127359,9748014,asp,обучится,обучается,4,5,manual
127401,9748023,"asp,impers",делает,сделать,13,14,manual
120440,9764009,asp,начали,пошли,3,4,manual
128650,9770008,asp,учил,выучил,6,7,manual
127270,9776006,asp,создали,создавали,13,14,manual
127274,9776016,asp,забыть,забывать,4,5,manual
127294,9781009,asp,измениться,меняться,12,13,manual
127293,9781011,asp,улучшить,улучшать,16,17,manual
127288,9781017,asp,разрушить,разрушать,9,10,manual
122933,9788001,asp,сказать,рассказать,23,24,manual
122939,9788002,asp,вредят,навредят,19,20,manual
122941,9788002,asp,помогают,помогут,24,25,manual
122275,9796003,asp,сделать,делать,5,6,manual
122276,9796003,asp,сделать,делать,12,13,manual
119135,9797005,asp,знать,узнать,2,3,manual
123794,9800001,"agrnum,asp",мы   не   могут   решать,мы не можем решить,14,18,manual
104503,9806012,asp,помогли,помогали,2,3,manual
104510,9806017,"asp,agrpers,ortho",любя,полюбят,5,6,manual
104549,9865004,"lex,par,asp",поминаю,вспоминаю/ помню,1,2,manual
104555,9865007,asp,получить,получать,16,17,manual
104562,9865014,asp,устала,уставала,2,3,manual
104566,9865017,asp,начали,начинали,17,18,manual
104627,9866013,asp,сказала,говорила,4,5,manual
104634,9866018,asp,купить,покупать,5,6,manual
119325,9873015,asp,выключили,выключали,19,20,manual
123616,9874010,asp,выходить,выйти,1,2,manual
127857,10061005,asp,смотрет,посмотреть,3,4,manual
130414,10064010,asp,ходит,сходить,2,3,manual
130033,10077002,"asp,lex",пойти   там,ходить туда,11,13,manual
130035,10077003,asp,пойти,ходить,3,4,manual
130308,10081007,asp,заходили,зашли,3,4,manual
130310,10081009,asp,обедали,пообедали,3,4,manual
130369,10086002,asp,водить,отвести,12,13,manual
128937,10098003,asp,знаете,узнали,3,4,manual
119807,10099005,"asp,agrpers",поехать,ездим,3,4,manual
104652,10104011,asp,посмотреть,смотреть,18,19,manual
127409,10200008,asp,организовывать,организовать,7,8,manual
117893,10205009,asp,сделать.,делать.,23,25,manual
117930,10205009,asp,идти,ходить,4,5,manual
119253,10219007,"miss,constr,asp",иметь,теперь имеют,10,11,manual
104678,10260007,asp,пойти,ходить,8,9,manual
104681,10260016,asp,поговорить,говорить,10,11,manual
104721,10265018,"aux,asp",буду   ехать,поеду,5,7,manual
130958,10295012,"asp,lex",начала   увеличиваться,увеличивается,3,5,manual
130962,10299001,asp,выучить,изучать,26,27,manual
130960,10299003,"tense,asp",буду   выучить,буду изучать,47,49,manual
127454,10305018,asp,знать,узнать,7,8,manual
125061,10306003,asp,приготовить,готовить,11,12,manual
125083,10306007,asp,поговорить,говорить,21,22,manual
122860,10308001,asp,отделять,разделять,10,11,manual
106989,10315009,"syntax,asp",реализовывать,реализовать,12,13,manual
106992,10316001,"syntax,asp",написать,писать,17,18,manual
103270,10319014,"asp,refl",выучить,учиться,16,17,manual
103304,10323003,asp,училась,отучилась,1,2,manual
103329,10324007,asp,смог,мог,8,9,manual
103398,10326005,asp,знать,узнать,2,3,manual
103429,10327009,"asp,tense",продолжалась,продолжилась/ продолжается,47,48,manual
114103,10328027,asp,оказала,оказывала,28,29,manual
114104,10328028,asp,расширять,расширить,17,18,manual
114108,10328034,asp,развивать,развить,23,24,manual
103485,10334060,"asp,lex",обменяться,обмениваться,16,17,manual
103514,10337003,asp,позволить,позволять,35,36,manual
103515,10337005,"asp,lex",забудут,забывают/ забывают упомянуть,9,10,manual
103574,10343003,"constr,lex,asp",воспитывали,здесь воcпитали/ вырастили,162,163,manual
103606,10345010,asp,наследовали,унаследовали,6,7,manual
103622,10345021,"asp,ortho",облащал,обратил,1,2,manual
103641,10345043,asp,обменяться,обмениваться,3,4,manual
103655,10346020,asp,читал,прочитал,4,5,manual
134974,10357012,asp,изучить,изучать,2,3,manual
135009,10359015,asp,продолжить,продолжать,8,9,manual
114009,10361006,asp,можно,может,13,14,manual
114010,10361006,asp,любить,полюбить,14,15,manual
119761,10382001,asp,поступать,поступить,17,18,manual
106198,10384007,asp,получать,получить,8,9,manual
106202,10384010,asp,продолжать,продолжить,5,6,manual
106217,10384022,asp,сбудется,сбудутся,10,11,manual
119634,10385012,asp,выучить,учить,2,3,manual
119635,10385014,asp,погулял,гулял,17,18,manual
119636,10385014,asp,хотелось,захотелось,37,38,manual
119709,10385038,asp,буду   посещать,посещу,4,6,manual
119711,10385040,asp,буду   увидеть,увижу,8,10,manual
119718,10385048,asp,сбывались,сбылись,2,3,manual
119877,10386009,asp,подготовят,готовят,4,5,manual
119910,10391021,asp,узнавать,узнать,4,5,manual
119847,10393005,asp,получить,получать,18,19,manual
119505,10401010,asp,привлёк,привлекал,19,20,manual
117324,10442009,asp,понравилось,нравилось,2,3,manual
117326,10442016,asp,выбрала,выбирала,8,9,manual
117213,10451002,asp,писанных,написанных,17,18,manual
116322,10458007,asp,прислушался,прислушивался,10,11,manual
116057,10461006,asp,познакомиться,знакомиться,16,17,manual
118667,10469028,asp,читать.,прочитать.,8,10,manual
103748,10472013,asp,провести,проводить,23,24,manual
103749,10472013,asp,заказать,заказывать,30,31,manual
117986,10495032,asp,сделать,делать,12,13,manual
117777,10508002,asp,влияли,повлияли,34,35,manual
117832,10508009,asp,знакомиться,познакомиться,4,5,manual
117835,10508009,asp,дополнять,дополнить,9,10,manual
117901,10508021,asp,отвечать,ответить,13,14,manual
117643,10512025,asp,рассказал,рассказывал,19,20,manual
117645,10512025,asp,побыть,побывать,30,31,manual
117378,10515004,asp,Расширять,Расширить,0,1,manual
117388,10515010,asp,поступать,поступить,9,10,manual
117401,10515022,asp,начала   любить,полюбила,3,5,manual
117407,10515026,asp,хочу   идти,пойду,7,9,manual
117411,10515031,asp,оправдывать,оправдать,4,5,manual
117423,10515037,asp,станим,становимся,5,6,manual
117507,10515050,asp,рассказать,рассказывать,44,45,manual
117508,10515053,asp,получить,получу,5,6,manual
120635,10530033,asp,буду   поступать,поступлю,2,4,manual
135043,10541004,asp,слушал,слышал,1,2,manual
101493,10566005,asp,хотел,захотел,13,14,manual
131954,10567007,asp,ехать,поехать,5,6,manual
135584,10575023,asp,возникают,возникнут,8,9,manual
135585,10575024,asp,продолжать,продолжить,8,9,manual
135428,10593015,asp,уехать,уезжать,1,2,manual
135424,10595020,"asp,tense",приезжает,приехала,15,16,manual
102350,10632001,asp,снять,снимать,18,19,manual
102356,10632005,asp,попадать,попасть,3,4,manual
104747,10639008,asp,видеть,увидеть,11,12,manual
104790,10653012,"lex,asp",может,помогает,15,16,manual
104799,10654011,asp,готовлю,приготовлю,5,6,manual
129633,10668007,"asp,ortho",вегнала,выгоняла,27,28,manual
129643,10668007,asp,делать,сделать,61,62,manual
129669,10668009,asp,знала,узнала,32,33,manual
102396,10688013,asp,приготовливаю,готовлю,3,4,manual
102446,10691017,asp,входят,выходят,7,8,manual
102483,10694018,asp,есть,поесть,3,4,manual
103269,10695025,asp,проснусь,просыпаюсь,5,6,manual
103288,10696002,asp,познакомиться,знакомиться,8,9,manual
103291,10696004,asp,познакомлюсь,знакомлюсь,1,2,manual
103303,10696013,"refl,asp",познакомишь,знакомишься,3,4,manual
103315,10697007,asp,скажу,говорю,4,5,manual
103318,10697009,asp,запомню,запоминаю,1,2,manual
103321,10697013,asp,запутают,путают,3,4,manual
103469,10701017,asp,включим,включаем,14,15,manual
103549,10703011,"miss,asp",приготовлю,я готовлю,10,11,manual
103570,10705012,asp,вспоминаю,вспомню,9,10,manual
104055,10711008,asp,пошла,вышла,3,4,manual
104081,10713016,asp,включим,включаем,11,12,manual
104092,10715004,asp,приготовить,готовить,6,7,manual
125688,10738005,asp,вытру,вытираю,4,5,manual
125690,10738005,asp,положу,кладу,9,10,manual
125691,10738005,asp,поставлю,ставлю,11,12,manual
125648,10738009,"tense,asp",оплачу,оплачиваю,3,4,manual
101793,10815007,"constr,asp,gov",вынудила   людей   отмечать,"способствовала тому, что люди отмечают",3,6,manual
101809,10815024,asp,тусить,,14,15,manual
101893,10816001,"infl,asp",храняет,сохраняет,2,3,manual
101911,10818004,asp,пришел,подъехад,4,5,manual
101912,10818006,asp,прошел,проехал,1,2,manual
101913,10818007,"asp,lex",ездил,дошел,2,3,manual
101914,10818007,asp,входил,вошел,7,8,manual
101918,10818011,"asp,lex",переходил,обошел,1,2,manual
101923,10818016,asp,ехал,поехал,12,13,manual
102207,10824002,asp,приготовила,готовила,2,3,manual
102046,10825006,asp,водит,вести,5,6,manual
102068,10827004,asp,хожу,иду,14,15,manual
102071,10827010,"asp,miss",приготовлю,я готовлю,1,2,manual
102104,10829013,asp,пользуют,используют,15,16,manual
102110,10829015,asp,делать,сделать,43,44,manual
102115,10829016,asp,чистим,очистим,1,2,manual
102116,10829016,"transfer,lex,asp",ситно   режем,нарежем лук на мелкие куски,3,5,manual
102125,10829021,asp,пожарится,прожарится,3,4,manual
102184,10831006,"ortho,asp",пожартиь,обжарить,15,16,manual
102187,10831006,asp,жарить,обжарить,7,8,manual
102304,10833002,"miss,asp",Шел,Я ходил,0,1,manual
126805,10834010,"asp,refl",исползоват,пользоваться,10,11,manual
125349,10834013,"asp,refl",исползовать,пользоваться,11,12,manual
124240,10834016,"asp,refl",исползуют,пользуются,11,12,manual
104841,10840005,asp,выходила,вышла,2,3,manual
104861,10840039,asp,вставала,встала,1,2,manual
104862,10840041,asp,пей,выпей,2,3,manual
104863,10840042,"asp,tense",делаю,сделала,5,6,manual
104873,10841013,asp,отдохну,отдыхаю,14,15,manual
104878,10842012,"asp,tense",вернётся,возвращается,5,6,manual
104893,10844023,asp,смогу,могу,18,19,manual
104915,10846003,"ortho,asp",приграшал,пригласил,1,2,manual
104955,10849009,asp,встретила,встречала,2,3,manual
104960,10850003,"lex,asp",расскажу,говорю,3,4,manual
104974,10853005,asp,приходила,пришла,4,5,manual
103775,10869029,"asp,agrpers",планирую,спланируют,4,5,manual
103796,10892005,"agrpers,asp",учитесь,учусь,27,28,manual
103810,10892009,"ortho,lex,asp",бууу   любит,его полюбите/ он вам понравится,40,42,manual
105014,10907008,asp,позавтракают,завтракают,13,14,manual
105016,10907009,asp,купит,покупает,9,10,manual
105027,10908017,"asp,agrstr,agrpers",нравилась,понравились,8,9,manual
105030,10909007,asp,пойдёт,идёт,1,2,manual
105034,10909010,asp,расслабит,расслабляет,12,13,manual
105050,10912008,asp,болела,заболела,14,15,manual
105052,10913002,asp,болела,заболела,13,14,manual
105053,10913003,"refl,ortho,asp",повышалася,повышалась/ повысилась,1,2,manual
105061,10914010,asp,приезжать,приехать,3,4,manual
105066,10915012,"asp,tense",забуду,забываю,8,9,manual
105074,10917005,"asp,ortho",почувствоваем,чувствуем,4,5,manual
105084,10918019,asp,готовил,приготовил,9,10,manual
105088,10918023,asp,выпили,пили,5,6,manual
105096,10919010,asp,отдохну,отдыхаю,4,5,manual
105107,10920010,asp,расскажет,рассказывает,5,6,manual
105120,10922008,asp,спать,поспать,11,12,manual
105126,10922015,asp,отдыхать,отдохнуть,4,5,manual
105147,10924011,"asp,ortho",соберуются,собираются,6,7,manual
105148,10924013,asp,станет,становится,4,5,manual
105165,10925009,asp,проведём,проводим,4,5,manual
105179,10927011,"ortho,asp",выполнить,выполнять,6,7,manual
105182,10928002,asp,получать,получить,2,3,manual
105186,10928005,asp,ехать,поехать,13,14,manual
105187,10928006,asp,ставил,поставил,9,10,manual
105188,10928007,asp,советовал,посоветовал,1,2,manual
105192,10928010,asp,обратиться,обращаться,14,15,manual
105210,10930006,asp,отдохнуть,отдыхать,7,8,manual
122601,10940001,asp,начиналось.,началось.,8,10,manual
121460,10940003,asp,начинался,начался,1,2,manual
123499,10940010,asp,вылетали,улетели,21,22,manual
123516,10940015,asp,приехать,приезжать,38,39,manual
127666,10941007,asp,встретить   руководитель.,встречаться с руководителем.,5,8,manual
127667,10941007,asp,смогу,может,3,4,manual
105272,10945006,"wo,asp",все   сделал,делает все,2,4,manual
105300,10945034,asp,можешь,сможешь,7,8,manual
105353,10949015,asp,поняла,понимала,4,5,manual
105388,10962006,asp,шёл,пошёл,7,8,manual
105391,10962007,"asp,deriv,ortho",промокнула,промокла,9,10,manual
105704,10964015,"asp,lex,ortho",выедут,уезжают,4,5,manual
105733,10965018,asp,сделала,делала,6,7,manual
105734,10965018,"asp,lex,not-clear",подала,,9,10,manual
105737,10965019,asp,решить,решать,11,12,manual
105738,10965019,asp,довести,доводить,12,13,manual
105740,10965019,asp,бросить,бросать,19,20,manual
105746,10966008,asp,помогать,помочь,4,5,manual
105747,10966008,asp,помогать,помочь,9,10,manual
105750,10966009,asp,выбирают,выберут,3,4,manual
105757,10967004,"asp,tense",ушёл,уходит,3,4,manual
105788,10968011,"asp,tense",купят,покупают,2,3,manual
105789,10968011,"lex,asp,tense",походят,ездят,7,8,manual
105793,10969001,asp,обратилась,обращалась,4,5,manual
105797,10969008,"asp,impers",схватили,схватывало/ прихватывало,3,4,manual
105800,10969018,asp,сдавать,сдать,6,7,manual
105801,10969018,asp,просил,попросил,4,5,manual
105802,10969019,"asp,lex",приносил,пришёл,7,8,manual
105808,10970008,asp,устраиваться,устроиться,5,6,manual
105818,10973007,"asp,tense",начал,начинаю,2,3,manual
105840,10975011,asp,отвезла,отвозила,3,4,manual
105851,10978006,asp,получить,получать,6,7,manual
105860,10979006,asp,осматривал,осмотрел,1,2,manual
105951,10987007,asp,спросила,спрашивала,7,8,manual
103869,10998003,"asp,tense",думаю,подумал,7,8,manual
103872,10998003,asp,писал,написал,17,18,manual
103884,10998006,asp,писали,написали,16,17,manual
116150,11022012,asp,работать,поработать,4,5,manual
116151,11022014,asp,не   хотел,не захотел,12,14,manual
134703,11023021,asp,понимать,понять,10,11,manual
107012,11041011,"syntax,asp",написала,писала,3,4,manual
107024,11041018,"syntax,asp",развилась,начала развиваться,6,7,manual
107026,11041019,"syntax,asp",защитить,защищать,5,6,manual
107028,11041021,"syntax,asp",написал,писал:,9,10,manual
107048,11043004,"syntax,asp",надо   критиковать,надо раскритиковать,3,5,manual
107106,11063004,"syntax,asp",идёт   в   театр,ходит в театр,14,17,manual
107249,11063007,"syntax,asp",смог,мог,21,22,manual
107259,11063011,"syntax,asp",встретиться,встречаться,4,5,manual
105990,11093001,"asp,tense",съест,съедал,17,18,manual
106065,11106008,asp,стать,становиться,11,12,manual
106068,11106011,asp,овладеть,овладевать,3,4,manual
106113,11110007,"tense,asp",перевела,перевожу,8,9,manual
106157,11120003,asp,писал,написал,13,14,manual
106158,11120004,asp,писал,написал,8,9,manual
106164,11121002,asp,резать,порезать,3,4,manual
106166,11121002,asp,крошить,покрошить,11,12,manual
106173,11121004,asp,выливать,вылить,13,14,manual
134536,11196002,asp,поговорить,рассказать,5,6,manual
134551,11196006,asp,работат,работает,4,5,manual
134553,11196007,asp,думаю,думает,1,2,manual
134554,11196007,asp,дал,даст,5,6,manual
134564,11196009,asp,выбрать,выбирать,30,31,manual
134574,11196013,asp,выбрать,выбирать,19,20,manual
134579,11196014,"lex,asp",вступать,поступить,17,18,manual
130243,11199011,"refl,tense,asp,prep,miss",встретить,встречаюсь с,5,6,manual
127457,11203009,asp,начала,начинала,16,17,manual
128032,11246008,asp,будет,становится,20,21,manual
128326,11252006,asp,ехать,ездить,4,5,manual
128337,11252015,asp,ехать,ездить,5,6,manual
128340,11252015,asp,договориться,договариваться,9,10,manual
128809,11268007,asp,позавтракать,завтракать,11,12,manual
127473,11319003,asp,можем,сможем,53,54,manual
129536,11352005,asp,решала,решила,3,4,manual
131844,11393010,"asp,constr",начинаем   быть,становимся,10,12,manual
126429,11423005,asp,проводить,провести,9,10,manual
126681,11423007,asp,читала,почитала,8,9,manual
126696,11423009,"asp,lex,transfer",сделала,умела,11,12,manual
125033,11454067,asp,мог,смог,2,3,manual
125035,11454074,asp,представили,представляли,4,5,manual
125047,11454115,asp,помним.,запомнили.,14,16,manual
125048,11454117,asp,мог   писать,смог написать,3,5,manual
125049,11454123,asp,сдать,сдавать,2,3,manual
124662,11462005,asp,идти,сходить,4,5,manual
124663,11462005,asp,гулять,погулять,15,16,manual
124647,11465004,asp,пошла,ездила,15,16,manual
124652,11465007,"miss,asp",кончаю,заканчиваю своё письмо,2,3,manual
129515,11468004,asp,изучить,изучать,17,18,manual
124656,11469012,"miss,asp",кончаю.,заканчиваю своё письмо,2,4,manual
122621,11499005,asp,смотреть,,36,37,manual
122622,11499005,asp,смотреть,,40,41,manual
122623,11499005,asp,смотреть,,47,48,manual
124630,11499013,asp,ходить,,7,8,manual
122629,11502005,asp,пошли,поехали,10,11,manual
124632,11504005,asp,забрать,забирать,3,4,manual
123270,11509005,asp,поездил,ездил,13,14,manual
122752,11510004,asp,видел,увидел,1,2,manual
122764,11510006,asp,видел,увидел,2,3,manual
122765,11510006,asp,видел,увидел,11,12,manual
124986,11530030,"syntax,asp",можем,мы сможем,11,12,manual
130222,11558001,asp,увидел,видел,7,8,manual
129833,11563002,asp,учесть,учитывать,1,2,manual
129529,11597015,asp,поехала,ездила,2,3,manual
135757,11602004,asp,ехал,ездил,17,18,manual
135763,11602004,"punct,asp","ехал,",ездил?,25,27,manual
135764,11602004,asp,ехал,ездил,36,37,manual
135768,11602004,"asp,deriv",идол,ходил,51,52,manual
135770,11602004,asp,идёшь,ходишь,60,61,manual
135901,11610007,asp,ходил,пошёл,4,5,manual
135957,11610019,asp,спать,поспать,10,11,manual
135966,11610022,asp,ходил,сходил,1,2,manual
136006,11610034,"asp,ortho",объясныла,объясняла,7,8,manual
136118,11614009,"asp,tense",будет   помог,поможет,14,16,manual
136140,11614015,"asp,tense",разразговоривал,поговорить,10,11,manual
134769,11643001,"lex,asp",быт,стать,6,7,manual
135410,11670010,"asp,lex",буду,стану,4,5,manual
138449,11889003,"asp,agrgender",было,стала,2,3,manual
138494,11889028,asp,оповещал,оповестил,3,4,manual
138495,11889028,asp,говорил,сказал,9,10,manual
138381,11912002,asp,получить,получит,2,3,manual
138389,11912005,asp,видел,увидел,8,9,manual
138354,11913001,asp,нарисоваться,нарисовать,3,4,manual
138369,11913004,asp,уезжать,уехать,5,6,manual
138370,11913004,asp,искать,найти,9,10,manual
138363,11913006,asp,использоваться,использовать,9,10,manual
138222,11929007,"morph,asp",получил,"узнал,",2,3,manual
139615,12222007,asp,любила,полюбила,53,54,manual
138229,12257003,asp,находиться,находится,1,2,manual
154254,5022,asp,обсуждать,обсудить,30,31,rlc-errant
154307,10001,asp,поехола,поехала,2,3,rlc-errant
154320,10005,asp,заметеш,заметишь,6,7,rlc-errant
154337,12009,asp,встану,встаю,2,3,rlc-errant
154525,50003,asp,болеть,заболеть,17,18,rlc-errant
154561,53015,asp,могу готовить,смогу ли приготовить,13,15,rlc-errant
153214,1048002,asp,смал,стал,12,13,rlc-errant
153325,1059002,asp,дали,платят,10,11,rlc-errant
153331,1061002,asp,переехать,переезжать,4,5,rlc-errant
153383,1067009,asp,преподаваю,преподаю,15,16,rlc-errant
153400,1067013,asp,преподаваю,преподаю,18,19,rlc-errant
153416,1071027,asp,пытается,попытаются,4,5,rlc-errant
153598,1119064,asp,сохранить,сохранять,12,13,rlc-errant
153681,1148003,asp,научился,учился,15,16,rlc-errant
153733,1155008,asp,объяснит именно,объясняет,2,4,rlc-errant
153739,1162003,asp,послужить,служить,12,13,rlc-errant
153918,1209028,asp,отменяв,отменен,12,13,rlc-errant
153944,1209077,asp,потеряет,теряет,3,4,rlc-errant
154029,1224002,asp,явилась и,является,7,9,rlc-errant
154054,1224013,asp,явилось,является,11,12,rlc-errant
154068,1230003,asp,вызвать,вызывать,9,10,rlc-errant
154121,1236068,asp,понимать,понять,14,15,rlc-errant
154123,1236068,asp,понимать,понять,22,23,rlc-errant
154169,1256005,asp,Начинаем,Начнем,0,1,rlc-errant
140530,5669013,asp,Думайте,Подумайте,0,1,rlc-errant
140656,5673001,asp,видел,увидел,20,21,rlc-errant
140691,5673019,asp,смотреть,посмотреть,14,15,rlc-errant
140692,5673019,asp,играть,поиграть,17,18,rlc-errant
140736,5675003,asp,оказают,они оказывают,9,10,rlc-errant
140739,5675005,asp,учутся,учиться,4,5,rlc-errant
140752,5675009,asp,забыли,забывают,3,4,rlc-errant
140841,5678016,asp,ведем,провели,3,4,rlc-errant
140869,5678021,asp,уделить,уделять,50,51,rlc-errant
140942,5690013,asp,придаст,придает,5,6,rlc-errant
140950,5690016,asp,идти,прийти,28,29,rlc-errant
140979,5691009,asp,прочитать,читать,2,3,rlc-errant
140993,5721005,asp,поступила,поступала,2,3,rlc-errant
141049,5722027,asp,остаться,оставаться,6,7,rlc-errant
141059,5722031,asp,забыть,забывать,1,2,rlc-errant
141068,5722034,asp,принять,принимать,2,3,rlc-errant
141193,5728023,asp,воспользоваться,пользоваться,22,23,rlc-errant
141244,5731015,asp,развивщихся,развившихся,32,33,rlc-errant
141264,5732007,asp,ухудшая,ухудшил,15,16,rlc-errant
141298,5733005,asp,обсуждать,обсудить,4,5,rlc-errant
141315,5733012,asp,обратят,обращает,9,10,rlc-errant
141321,5733016,asp,улучшить,улучшать,12,13,rlc-errant
141325,5733017,asp,становиться,стать,5,6,rlc-errant
141359,5735008,asp,изменится,изменяется,10,11,rlc-errant
141448,5737002,asp,играться,поиграть,29,30,rlc-errant
141479,5737005,asp,поддерживать,поддержать,10,11,rlc-errant
141573,5741013,asp,могли,смогли,8,9,rlc-errant
141587,5741027,asp,предотвращать,предотвратить,9,10,rlc-errant
141593,5742004,asp,помогут,помогают,11,12,rlc-errant
141684,5744013,asp,оспорит,оспаривает,14,15,rlc-errant
141952,5751010,asp,спросить,просить,7,8,rlc-errant
142042,5753003,asp,сбросить,сбрасывали,16,17,rlc-errant
142087,5753016,asp,действует,подействует,14,15,rlc-errant
142119,5754010,asp,споют,спят,21,22,rlc-errant
142129,5754013,asp,боются,боятся,5,6,rlc-errant
142330,5765006,asp,сможет,может,19,20,rlc-errant
142538,5778016,asp,писать,написать,9,10,rlc-errant
142540,5778016,asp,поехал,ехал,13,14,rlc-errant
142560,5779001,asp,напоминать,напоминат,24,25,rlc-errant
142640,5782009,asp,испытавать,испытать,5,6,rlc-errant
142927,5824007,asp,подарите,дарите,4,5,rlc-errant
142943,5825006,asp,мог,смог,6,7,rlc-errant
143018,5830001,asp,вазвращаимся,возвращаемся,7,8,rlc-errant
143049,5832016,asp,оклеветать,клеветать,11,12,rlc-errant
143085,5835001,asp,расли,росли,28,29,rlc-errant
143176,5852051,asp,делать,сделать,8,9,rlc-errant
143205,5854010,asp,понимает,понять,23,24,rlc-errant
143310,5877012,asp,помогла,помогала,4,5,rlc-errant
143363,5882012,asp,ехать,поеду,5,6,rlc-errant
143454,5890003,asp,закончила,заканчиваю,2,3,rlc-errant
143484,5891008,asp,пасусют,пасутся,18,19,rlc-errant
143505,5892006,asp,отдыхаюся,отдыхаю,8,9,rlc-errant
143514,5892009,asp,пыть,пить,3,4,rlc-errant
143543,5896011,asp,устал,устаю,2,3,rlc-errant
143574,5900005,asp,сделаю,делаю,4,5,rlc-errant
143588,5901008,asp,я готову,готовлю,7,9,rlc-errant
143625,5902011,asp,помочь,помогать,7,8,rlc-errant
143640,5902021,asp,рассказывала,расскажу,12,13,rlc-errant
143697,5903009,asp,отказался,отказывалась,16,17,rlc-errant
143765,5903029,asp,хотят,захотели,14,15,rlc-errant
143786,5905007,asp,спаю,спать,12,13,rlc-errant
143794,5907012,asp,ехать,поехать,3,4,rlc-errant
143869,5912009,asp,вырасли,выросли,14,15,rlc-errant
143887,5914006,asp,я принесу,приношу,14,16,rlc-errant
143937,5924001,asp,получить,получать,3,4,rlc-errant
144040,5934004,asp,приглашала,пригласила,12,13,rlc-errant
144073,5935012,asp,исправую,исправляю,15,16,rlc-errant
144081,5936003,asp,приготовить,готовить,14,15,rlc-errant
144095,5936005,asp,встану,встаю,7,8,rlc-errant
144143,5937013,asp,откроют,открывают,8,9,rlc-errant
144163,5938005,asp,завершить,завершают,23,24,rlc-errant
144194,5939001,asp,тянеться,тянуться,12,13,rlc-errant
144204,5939007,asp,чисту,чищу,1,2,rlc-errant
144225,5939021,asp,уезжу,уезжаю,6,7,rlc-errant
144231,5939040,asp,приеду,приезжаю,1,2,rlc-errant
144313,5942011,asp,приближать,приблизиться,3,4,rlc-errant
144352,5945011,asp,испортятся,портятся,3,4,rlc-errant
144416,5947019,asp,встречать,встретить,2,3,rlc-errant
144458,5948012,asp,отпустить,отпускать,15,16,rlc-errant
144544,5951020,asp,спросят,просят,13,14,rlc-errant
144549,5952005,asp,ослаблять,ослабить,15,16,rlc-errant
144580,5954006,asp,рикошетом,отрикошетили,6,7,rlc-errant
144594,5954009,asp,лишали,их лишили,26,27,rlc-errant
144642,5959004,asp,отмечать,отметить,7,8,rlc-errant
144654,5959009,asp,делал,сделал,7,8,rlc-errant
144720,5971003,asp,закончатся,заканчиваются,2,3,rlc-errant
144772,6280008,asp,готовить,приготовить,2,3,rlc-errant
144853,6301099,asp,получил,получал,1,2,rlc-errant
145084,6376004,asp,приготовить,готовить,12,13,rlc-errant
145121,6378010,asp,рассказать,рассказывать,2,3,rlc-errant
145142,6380003,asp,пробыть,пробовать,10,11,rlc-errant
145155,6381003,asp,готовить,приготовить,9,10,rlc-errant
145191,6382004,asp,идти,прийти,2,3,rlc-errant
145194,6382006,asp,готовить,приготовить,2,3,rlc-errant
145204,6382012,asp,хочи,хочу,7,8,rlc-errant
145205,6382012,asp,делать,сделать,8,9,rlc-errant
145259,6386003,asp,состаялась,состоялась,2,3,rlc-errant
145278,6387001,asp,роботать,работать,4,5,rlc-errant
145325,6388002,asp,обсудили,обсуждали,32,33,rlc-errant
145331,6388006,asp,читать,прочитать,2,3,rlc-errant
145376,6396010,asp,заболел,болеет,10,11,rlc-errant
145379,6396011,asp,едем,поехали,9,10,rlc-errant
145525,6425022,asp,смеяться,посмеяться,21,22,rlc-errant
145563,6429015,asp,убьет,убивает,11,12,rlc-errant
145590,6448014,asp,явлюсь,являюсь,12,13,rlc-errant
145649,6452016,asp,взрослев,", повзрослев",1,2,rlc-errant
145666,6453011,asp,описывать,описать,4,5,rlc-errant
145894,6480008,asp,сэкономим,мы экономим,7,8,rlc-errant
145896,6480010,asp,решим,решаем,8,9,rlc-errant
145980,6486016,asp,смогут,могут,8,9,rlc-errant
146049,6490004,asp,достигать,достичь,3,4,rlc-errant
146081,6491008,asp,привлекла,привлекала,15,16,rlc-errant
146154,6497001,asp,обедаем,пообедаем,1,2,rlc-errant
146173,6501008,asp,укрываться,укрыться,12,13,rlc-errant
146181,6506003,asp,едём,едим,1,2,rlc-errant
146191,6536004,asp,достигать,достичь,5,6,rlc-errant
146270,6547006,asp,поддерживаел,поддерживал,21,22,rlc-errant
146293,6549004,asp,задала,задавала,3,4,rlc-errant
146294,6549004,asp,рисовать,нарисовать,4,5,rlc-errant
146295,6549004,asp,принесла,приносила,10,11,rlc-errant
146315,6551012,asp,поддержанный,поддерживаемый,1,2,rlc-errant
146344,6555011,asp,по рыбачить,порыбачить,5,7,rlc-errant
146398,6563001,asp,ехать,поехать,10,11,rlc-errant
146401,6563001,asp,наслаждаться,насладиться,18,19,rlc-errant
146510,6581006,asp,слушала,послушала,1,2,rlc-errant
146512,6581006,asp,работала,поработала,5,6,rlc-errant
146528,6585002,asp,встречалася,встретилась,1,2,rlc-errant
146534,6585002,asp,вставаю,встаю,12,13,rlc-errant
146620,6608003,asp,умыват,умывался,3,4,rlc-errant
146839,6629015,asp,сохранять,сохранить,13,14,rlc-errant
146841,6629016,asp,делать,сделать,3,4,rlc-errant
146846,6629016,asp,беречь,сберечь,20,21,rlc-errant
146847,6629016,asp,делать,сделать,22,23,rlc-errant
146947,6819008,asp,удовлетворили,удовлетворяли,17,18,rlc-errant
146980,6821015,asp,делать,сделать,4,5,rlc-errant
147020,6827006,asp,понимал,понял,3,4,rlc-errant
147043,6832013,asp,встретится,встречать,6,7,rlc-errant
147080,6837013,asp,сравнить,сравнивать,2,3,rlc-errant
147105,6838008,asp,становиться,стать,9,10,rlc-errant
147191,6845012,asp,выделят,выделять,6,7,rlc-errant
147258,6848007,asp,можем,сможем,12,13,rlc-errant
147302,6857005,asp,заметила,замечала,2,3,rlc-errant
147324,6857012,asp,познат,познать,12,13,rlc-errant
147329,6857013,asp,забудет,забывают,12,13,rlc-errant
147398,6865004,asp,достичь,достигать,19,20,rlc-errant
147399,6865006,asp,сформулировать,формулировать,3,4,rlc-errant
147490,6872010,asp,достигал,достиг,33,34,rlc-errant
147494,6872014,asp,объясняет,объяснить,10,11,rlc-errant
147522,6875004,asp,верит,поверит,8,9,rlc-errant
147629,6878027,asp,включит,включают,1,2,rlc-errant
147751,6882021,asp,признаст,признает,3,4,rlc-errant
147783,6884002,asp,делать,сделать,10,11,rlc-errant
147788,6885012,asp,проделали,делали,14,15,rlc-errant
147790,6885014,asp,дал,давал,14,15,rlc-errant
147815,6885045,asp,бейти,бейте,7,8,rlc-errant
147877,7018011,asp,посмотреть,смотреть,27,28,rlc-errant
147880,7018013,asp,помню,вспомню,9,10,rlc-errant
147895,7019011,asp,показыват,показать,10,11,rlc-errant
147930,7029005,asp,могла,смогла,7,8,rlc-errant
147931,7029005,asp,читать,прочитать,8,9,rlc-errant
148005,7032006,asp,видели,увидели,8,9,rlc-errant
148033,7032021,asp,улыбаться,улыбнуться,5,6,rlc-errant
148169,7041003,asp,казаться,показаться,9,10,rlc-errant
148174,7042006,asp,сделать,делать,4,5,rlc-errant
148186,7043003,asp,терпимся,терпится,11,12,rlc-errant
148205,7044008,asp,начнёт,они начинают,7,8,rlc-errant
148232,7047029,asp,получили,получали,12,13,rlc-errant
148270,7048020,asp,рассказать,рассказывать,7,8,rlc-errant
148298,7051021,asp,занимаете,займете,12,13,rlc-errant
148308,7052022,asp,посяла,посадила,14,15,rlc-errant
148323,7054009,asp,решатся,решается,9,10,rlc-errant
148325,7054009,asp,закрыть,закрываю,14,15,rlc-errant
148396,7068004,asp,видеть,увидеть,10,11,rlc-errant
148506,7077008,asp,сделала,делала,4,5,rlc-errant
148518,7077021,asp,получить,получать,12,13,rlc-errant
148522,7077023,asp,постарались,старались,7,8,rlc-errant
148526,7077024,asp,дали,давали,12,13,rlc-errant
148531,7078004,asp,мы ошиблись,ошибались,10,12,rlc-errant
148537,7078007,asp,учить,научить,3,4,rlc-errant
148571,7078019,asp,вспомню,вспоминаю,12,13,rlc-errant
148597,7080006,asp,составить,составлять,33,34,rlc-errant
148623,7084003,asp,принять,принимать,5,6,rlc-errant
148629,7084003,asp,обустроить,обустраивать,17,18,rlc-errant
148633,7084004,asp,сделают,делают,13,14,rlc-errant
148646,7085009,asp,делать,сделать,12,13,rlc-errant
148686,7096003,asp,забирают,заберут,21,22,rlc-errant
148694,7096010,asp,видить,видят,2,3,rlc-errant
148697,7096010,asp,задумается,задумываются,8,9,rlc-errant
148757,7116009,asp,делать,сделать,12,13,rlc-errant
148766,7117004,asp,отказаться,отказываться,25,26,rlc-errant
148798,7123001,asp,внести,вести,13,14,rlc-errant
148801,7123008,asp,случится,случается,6,7,rlc-errant
148858,7128005,asp,докажут,доказывают,1,2,rlc-errant
148930,7426006,asp,знать,узнать,13,14,rlc-errant
148963,7752015,asp,видела,увидела,5,6,rlc-errant
149025,7866002,asp,ответить,отвечать,1,2,rlc-errant
149079,7868004,asp,подумали,думаем,10,11,rlc-errant
149099,7868016,asp,повторялось,повторилось,11,12,rlc-errant
149125,7868028,asp,разбудит,будит,16,17,rlc-errant
149160,7870009,asp,обвиняли,обвинили,2,3,rlc-errant
149170,7871016,asp,спрятались,прятались,13,14,rlc-errant
149255,8285014,asp,выполнить,выполнять,12,13,rlc-errant
149281,8288014,asp,проявить,проявлять,10,11,rlc-errant
149303,8291002,asp,запомнили,запоминаем,4,5,rlc-errant
149328,8291026,asp,смогли,могут,5,6,rlc-errant
149382,8293024,asp,даст,которой дают,13,14,rlc-errant
149402,8293051,asp,стеснятся,"стесняться ,",4,5,rlc-errant
149410,8295001,asp,преподаст,преподает,12,13,rlc-errant
149413,8295009,asp,воспользоваться,пользоваться,7,8,rlc-errant
149514,8298015,asp,запрещаешь,запретишь,5,6,rlc-errant
149593,8301013,asp,думала,подумала,4,5,rlc-errant
149665,8303023,asp,погулять,гулять,8,9,rlc-errant
149669,8303024,asp,разговариваем,мы поразговариваем,18,19,rlc-errant
149670,8303030,asp,фотографировалиь,фотографировались,1,2,rlc-errant
149704,8305010,asp,делила,разделила,2,3,rlc-errant
149726,8307019,asp,завоёвывают,завоюют,7,8,rlc-errant
149800,8309026,asp,делать,сделать,7,8,rlc-errant
149818,8310014,asp,Сделала,Делала,0,1,rlc-errant
149821,8310014,asp,напугала,пугала,15,16,rlc-errant
149877,8314020,asp,наполняктся,наполняется,3,4,rlc-errant
149882,8314022,asp,введу,веду,1,2,rlc-errant
149895,8316008,asp,успевать,успеть,4,5,rlc-errant
149930,8318003,asp,остаться,#NAME?,6,7,rlc-errant
149936,8318007,asp,поступить,поступать,18,19,rlc-errant
149975,8319025,asp,переезжает,переехал,9,10,rlc-errant
150103,8325022,asp,заканчивался,закончились,3,4,rlc-errant
150121,8326019,asp,появляется,появится,7,8,rlc-errant
150210,8560003,asp,решить,решать,7,8,rlc-errant
150249,8586033,asp,пережить,переживать,9,10,rlc-errant
150284,8587024,asp,дозволить,позволять,17,18,rlc-errant
150288,8587025,asp,поддержать,поддерживать их,3,4,rlc-errant
150297,8587025,asp,хочет,захочет,29,30,rlc-errant
150300,8587027,asp,дозволить,дозволять,7,8,rlc-errant
150305,8587028,asp,дозволить,дозволять,5,6,rlc-errant
150678,8615002,asp,помогла,помогала,15,16,rlc-errant
150679,8615002,asp,сделала,делала,20,21,rlc-errant
150748,8617013,asp,заканчиваем,закончим,9,10,rlc-errant
150774,8621003,asp,сделать,делать,9,10,rlc-errant
150840,8623014,asp,когда уступают,уступить,8,10,rlc-errant
150858,8624008,asp,делала,сделала,5,6,rlc-errant
150952,8627001,asp,начинать,начать,3,4,rlc-errant
150977,8627018,asp,спрячется,прячутся,17,18,rlc-errant
151019,8633009,asp,собирала,собрала,7,8,rlc-errant
151045,8636007,asp,ночевать,переночевать,10,11,rlc-errant
151103,8637025,asp,убить,убивать,11,12,rlc-errant
151132,8639015,asp,обвинят,"обвинять ,",3,4,rlc-errant
151139,8639020,asp,осудит,осуждать,7,8,rlc-errant
151179,8641019,asp,потратить,тратить,10,11,rlc-errant
151182,8641019,asp,пожертвует,жертвуют их,13,14,rlc-errant
151199,8645001,asp,загадав,загадывали,12,13,rlc-errant
151221,8645012,asp,получаешь,"получить ,",4,5,rlc-errant
151222,8645012,asp,подниматся,подниматься,8,9,rlc-errant
151251,8647016,asp,перепутать,путать,1,2,rlc-errant
151254,8647019,asp,поддержать,поддерживать их,1,2,rlc-errant
151257,8649004,asp,составить,составляют,5,6,rlc-errant
151262,8649006,asp,видеть,увидеть,9,10,rlc-errant
151279,8651001,asp,начинать,начать,2,3,rlc-errant
151457,8662003,asp,перечислять,перечислить,13,14,rlc-errant
151466,8662005,asp,сияеет,сияет,20,21,rlc-errant
151492,8666010,asp,выразить,выражать,5,6,rlc-errant
151495,8666013,asp,могу,смогу,6,7,rlc-errant
151537,8670007,asp,забыли,забывали,9,10,rlc-errant
151650,8674005,asp,узнавали,узнали,16,17,rlc-errant
151652,8674005,asp,выполнили,выполняли,23,24,rlc-errant
151655,8674005,asp,узнавали,узнали,30,31,rlc-errant
151664,8674005,asp,состойт,состоят,42,43,rlc-errant
151683,8674010,asp,думаюм,думаю,16,17,rlc-errant
151685,8674010,asp,могу,смогу,18,19,rlc-errant
151753,8680003,asp,изучить,изучать,11,12,rlc-errant
151804,8680013,asp,изучить,изучать,16,17,rlc-errant
151979,8687003,asp,получить,получать,7,8,rlc-errant
153021,8692010,asp,получать,получить,12,13,rlc-errant
153022,8694002,asp,сравнить,сравнивать,15,16,rlc-errant
153039,8698004,asp,нарушать,нарушишь,1,2,rlc-errant
153065,8714016,asp,тебе мешать,помешает,6,8,rlc-errant
153075,8715007,asp,начинать,начать,11,12,rlc-errant
153081,8716014,asp,узнавал,узнал,6,7,rlc-errant
153114,8719006,asp,пожимал,пожал,4,5,rlc-errant
153139,8726004,asp,знать,узнать,2,3,rlc-errant
153169,8736002,asp,знакомил,познакомил,13,14,rlc-errant
152113,10367024,asp,оставаться,остаться,11,12,rlc-errant
152166,10385054,asp,дарит,подарит,9,10,rlc-errant
152176,10388007,asp,приносит,принесет,8,9,rlc-errant
152188,10391020,asp,могу,смогу,5,6,rlc-errant
152200,10391033,asp,узнавать,узнать,6,7,rlc-errant
152246,10445013,asp,обучиться,обучаться,9,10,rlc-errant
152254,10451023,asp,начать,начинаете,6,7,rlc-errant
152350,10497025,asp,выбирал,выбрал,1,2,rlc-errant
152360,10507015,asp,подготовят,готовят,4,5,rlc-errant
152393,10542002,asp,завут,зовут,1,2,rlc-errant
152395,10542007,asp,получать,получить,8,9,rlc-errant
152448,10572011,asp,выиграют,выигрывают,7,8,rlc-errant
152453,10572016,asp,умножить,умножает,10,11,rlc-errant
152459,10572020,asp,изучаю,изучу,12,13,rlc-errant
152483,10586011,asp,могу,смогу,8,9,rlc-errant
152506,10595011,asp,уехала,уезжала,47,48,rlc-errant
152538,10625003,asp,показались,казались,12,13,rlc-errant
152544,10630019,asp,изучать,изучить,6,7,rlc-errant
152549,10632010,asp,забыть,забывать,1,2,rlc-errant
152585,10654015,asp,написать,писать,16,17,rlc-errant
152608,10691019,asp,включим,включаем,11,12,rlc-errant
152617,10693004,asp,пылесосу,пылесошу,7,8,rlc-errant
152618,10693006,asp,попробую,пробую,4,5,rlc-errant
152643,10702001,asp,представлять,представить,3,4,rlc-errant
152647,10702004,asp,увидишь,видишь,9,10,rlc-errant
152655,10705010,asp,оставить,оставлять,7,8,rlc-errant
152704,10817017,asp,довериться,доверять,11,12,rlc-errant
152753,10833007,asp,быт,быть,5,6,rlc-errant
152768,10845015,asp,познакомилась,знакомлюсь,10,11,rlc-errant
152789,10869006,asp,Остаться,Оставаясь,0,1,rlc-errant
152804,10914004,asp,позвонить,звонить,7,8,rlc-errant
152814,10916010,asp,начинают,начнут,5,6,rlc-errant
152816,10918003,asp,просишь,попросить,11,12,rlc-errant
152822,10922005,asp,вызвать,вызывать,6,7,rlc-errant
152830,10926002,asp,болела,заболела,13,14,rlc-errant
152835,10929010,asp,видеть,увидеть,12,13,rlc-errant
152872,10961005,asp,получить,получать,5,6,rlc-errant
152931,11339004,asp,думал,подумал,2,3,rlc-errant
152935,11339004,asp,хотел,захотел,12,13,rlc-errant
152949,11373005,asp,обращусь,обращался,4,5,rlc-errant
152970,11610004,asp,попили,пили,2,3,rlc-errant
